,HIC_delta_G_ML,PR_CHO,AC-SINS_pH7.4_nmol/mg,Tm2_DSF_degC,Titer_g/L
HIC_delta_G_ML,1.0,0.08928218389321312,0.03676611831870344,-0.14232891124731312,-0.025273907707085187
PR_CHO,0.08928218389321312,1.0,0.40973411748021865,-0.11730875146305518,0.08810523702108244
AC-SINS_pH7.4_nmol/mg,0.03676611831870344,0.40973411748021865,1.0,-0.08997715309278935,0.2495678050295324
Tm2_DSF_degC,-0.14232891124731312,-0.11730875146305518,-0.08997715309278935,1.0,-0.1368968215303861
Titer_g/L,-0.025273907707085187,0.08810523702108244,0.2495678050295324,-0.1368968215303861,1.0
