{
  "fragment_database": {
    "creation": 0.00099945068359375,
    "adding": 0.18049144744873047,
    "search": 0.15319156646728516,
    "backup": 0.1547231674194336
  }
}