{
  "HIC": {
    "mean_spearman": 0.39215400098399567,
    "std_spearman": 0.046466617870037995
  },
  "PR_CHO": {
    "mean_spearman": 0.44999703136168046,
    "std_spearman": 0.07441779186928749
  },
  "AC-SINS_pH7.4": {
    "mean_spearman": 0.4119652223946912,
    "std_spearman": 0.08622623593804311
  },
  "Tm2": {
    "mean_spearman": -0.0009143506616622499,
    "std_spearman": 0.20426552306111548
  },
  "Titer": {
    "mean_spearman": 0.19874775097491726,
    "std_spearman": 0.1552189035204531
  }
}