{
  "HIC": {
    "RandomForest": {
      "mean_spearman": 0.06784563165023824,
      "std_spearman": 0.1082212156462048
    },
    "GradientBoosting": {
      "mean_spearman": 0.05031076602018174,
      "std_spearman": 0.09680289707979728
    },
    "Ridge": {
      "mean_spearman": 0.14848586391647592,
      "std_spearman": 0.05951711058445062
    }
  },
  "PR_CHO": {
    "RandomForest": {
      "mean_spearman": 0.25277689108577156,
      "std_spearman": 0.04387270809481176
    },
    "GradientBoosting": {
      "mean_spearman": 0.2443158087475533,
      "std_spearman": 0.05758657507129155
    },
    "Ridge": {
      "mean_spearman": -0.002781881797499744,
      "std_spearman": 0.06527124822661252
    }
  },
  "AC-SINS_pH7.4": {
    "RandomForest": {
      "mean_spearman": 0.15731902146007465,
      "std_spearman": 0.15656581395735203
    },
    "GradientBoosting": {
      "mean_spearman": 0.15462429306570075,
      "std_spearman": 0.16345952727302093
    },
    "Ridge": {
      "mean_spearman": 0.0854610567111288,
      "std_spearman": 0.13099653196423047
    }
  },
  "Tm2": {
    "RandomForest": {
      "mean_spearman": 0.13296177339927223,
      "std_spearman": 0.09667975921739215
    },
    "GradientBoosting": {
      "mean_spearman": 0.03319679838974775,
      "std_spearman": 0.14276552760932285
    },
    "Ridge": {
      "mean_spearman": 0.009229091809687291,
      "std_spearman": 0.05724095321048593
    }
  },
  "Titer": {
    "RandomForest": {
      "mean_spearman": 0.04787240659146421,
      "std_spearman": 0.12514031304612372
    },
    "GradientBoosting": {
      "mean_spearman": 0.05479523075427486,
      "std_spearman": 0.13096791173368633
    },
    "Ridge": {
      "mean_spearman": 0.15143535430723531,
      "std_spearman": 0.124032201987613
    }
  }
}